timestamp_s,power_total_w,power_cpu_w,power_gpu_w,power_soc_w,temp_cpu_c,temp_gpu_c,gpu_util_pct,cpu_util_avg_pct,ram_used_mb,source
0.0002,3.851,2.31,,1.54,41.3,42.8,4.0,8.8,2180.0,mock
0.1018,3.89,2.334,,1.556,41.1,42.6,2.0,9.8,2180.0,mock
0.2025,3.764,2.257,,1.505,41.0,42.5,4.0,10.2,2180.0,mock
0.3031,3.659,2.194,,1.463,41.0,42.5,2.0,10.2,2180.0,mock
0.4032,3.949,2.368,,1.579,41.0,42.5,2.0,8.8,2180.0,mock
0.5034,3.722,2.233,,1.489,41.0,42.5,,12.2,2180.0,mock
0.6038,3.909,2.344,,1.563,41.0,42.5,4.0,11.8,2180.0,mock
0.7044,3.849,2.308,,1.539,41.0,42.5,1.0,7.8,2180.0,mock
0.8045,3.696,2.217,,1.478,41.0,42.5,1.0,10.8,2180.0,mock
0.905,3.746,2.247,,1.498,41.0,42.5,4.0,10.8,2180.0,mock
1.0056,13.71,11.653,,2.056,41.3,42.9,83.0,42.2,2180.0,mock
1.1058,13.812,11.74,,2.071,41.6,43.2,89.0,41.2,2180.0,mock
1.2065,13.777,11.71,,2.066,41.9,43.6,89.0,37.8,2180.0,mock
1.3087,13.936,11.845,,2.09,42.2,43.9,81.0,48.2,2180.0,mock
1.4091,13.76,11.696,,2.064,42.5,44.3,86.0,39.2,2180.0,mock
1.5143,13.715,11.657,,2.057,42.8,44.6,87.0,43.2,2180.0,mock
1.6149,13.902,11.817,,2.085,43.1,45.0,84.0,37.2,2180.0,mock
1.7154,13.737,11.675,,2.06,43.4,45.3,94.0,46.2,2180.0,mock
1.8165,13.662,11.611,,2.049,43.7,45.7,93.0,44.8,2180.0,mock
1.917,13.674,11.622,,2.051,44.0,46.0,90.0,45.8,2180.0,mock
2.0175,13.841,11.764,,2.076,44.3,46.4,94.0,44.8,2180.0,mock
2.1193,13.779,11.711,,2.066,44.6,46.7,85.0,43.2,2180.0,mock
2.2212,13.757,11.692,,2.063,44.9,47.1,94.0,45.8,2180.0,mock
2.3226,13.773,11.707,,2.066,45.2,47.4,90.0,41.8,2180.0,mock
2.423,13.717,11.658,,2.057,45.5,47.8,81.0,44.2,2180.0,mock
2.5233,13.778,11.711,,2.066,45.8,48.1,94.0,41.2,2180.0,mock
2.6246,13.78,11.713,,2.067,46.1,48.5,80.0,37.2,2180.0,mock
2.7248,13.773,11.707,,2.066,46.4,48.8,80.0,38.2,2180.0,mock
2.8252,13.675,11.624,,2.051,46.7,49.2,80.0,43.2,2180.0,mock
2.9257,3.743,2.245,,1.497,46.5,49.0,1.0,9.2,2180.0,mock
3.026,3.783,2.269,,1.513,46.3,48.8,2.0,9.8,2180.0,mock
3.1265,3.817,2.289,,1.526,46.1,48.6,3.0,10.2,2180.0,mock
3.2268,3.735,2.241,,1.494,45.9,48.4,2.0,11.8,2180.0,mock
3.3273,3.775,2.265,,1.51,45.7,48.2,,9.8,2180.0,mock
3.4275,3.924,2.353,,1.569,45.5,48.0,4.0,8.2,2180.0,mock
3.528,3.735,2.241,,1.494,45.3,47.8,1.0,8.2,2180.0,mock
3.6283,3.677,2.205,,1.47,45.1,47.6,4.0,7.8,2180.0,mock
3.7286,3.894,2.335,,1.557,44.9,47.4,1.0,9.2,2180.0,mock
3.8291,3.906,2.343,,1.562,44.7,47.1,4.0,11.8,2180.0,mock
